--
-- PostgreSQL database dump
--

-- Dumped from database version 14.15 (Homebrew)
-- Dumped by pg_dump version 14.15 (Homebrew)

SET statement_timeout = 0;
SET lock_timeout = 0;
SET idle_in_transaction_session_timeout = 0;
SET client_encoding = 'UTF8';
SET standard_conforming_strings = on;
SELECT pg_catalog.set_config('search_path', '', false);
SET check_function_bodies = false;
SET xmloption = content;
SET client_min_messages = warning;
SET row_security = off;

SET default_tablespace = '';

SET default_table_access_method = heap;

--
-- Name: aircraft_production_aircraft; Type: TABLE; Schema: public; Owner: postgres
--

CREATE TABLE public.aircraft_production_aircraft (
    id bigint NOT NULL,
    name character varying(50) NOT NULL
);


ALTER TABLE public.aircraft_production_aircraft OWNER TO postgres;

--
-- Name: aircraft_production_aircraft_id_seq; Type: SEQUENCE; Schema: public; Owner: postgres
--

ALTER TABLE public.aircraft_production_aircraft ALTER COLUMN id ADD GENERATED BY DEFAULT AS IDENTITY (
    SEQUENCE NAME public.aircraft_production_aircraft_id_seq
    START WITH 1
    INCREMENT BY 1
    NO MINVALUE
    NO MAXVALUE
    CACHE 1
);


--
-- Name: aircraft_production_aircraftpart; Type: TABLE; Schema: public; Owner: postgres
--

CREATE TABLE public.aircraft_production_aircraftpart (
    id bigint NOT NULL,
    quantity integer NOT NULL,
    aircraft_id bigint NOT NULL,
    part_id bigint NOT NULL,
    deleted_at timestamp with time zone,
    CONSTRAINT aircraft_production_aircraftpart_quantity_check CHECK ((quantity >= 0))
);


ALTER TABLE public.aircraft_production_aircraftpart OWNER TO postgres;

--
-- Name: aircraft_production_aircraftpart_id_seq; Type: SEQUENCE; Schema: public; Owner: postgres
--

ALTER TABLE public.aircraft_production_aircraftpart ALTER COLUMN id ADD GENERATED BY DEFAULT AS IDENTITY (
    SEQUENCE NAME public.aircraft_production_aircraftpart_id_seq
    START WITH 1
    INCREMENT BY 1
    NO MINVALUE
    NO MAXVALUE
    CACHE 1
);


--
-- Name: aircraft_production_employee; Type: TABLE; Schema: public; Owner: postgres
--

CREATE TABLE public.aircraft_production_employee (
    id bigint NOT NULL,
    user_id integer NOT NULL,
    team_id bigint NOT NULL
);


ALTER TABLE public.aircraft_production_employee OWNER TO postgres;

--
-- Name: aircraft_production_employee_id_seq; Type: SEQUENCE; Schema: public; Owner: postgres
--

ALTER TABLE public.aircraft_production_employee ALTER COLUMN id ADD GENERATED BY DEFAULT AS IDENTITY (
    SEQUENCE NAME public.aircraft_production_employee_id_seq
    START WITH 1
    INCREMENT BY 1
    NO MINVALUE
    NO MAXVALUE
    CACHE 1
);


--
-- Name: aircraft_production_part; Type: TABLE; Schema: public; Owner: postgres
--

CREATE TABLE public.aircraft_production_part (
    id bigint NOT NULL,
    name character varying(50) NOT NULL,
    stock integer NOT NULL,
    CONSTRAINT aircraft_production_part_stock_check CHECK ((stock >= 0))
);


ALTER TABLE public.aircraft_production_part OWNER TO postgres;

--
-- Name: aircraft_production_part_id_seq; Type: SEQUENCE; Schema: public; Owner: postgres
--

ALTER TABLE public.aircraft_production_part ALTER COLUMN id ADD GENERATED BY DEFAULT AS IDENTITY (
    SEQUENCE NAME public.aircraft_production_part_id_seq
    START WITH 1
    INCREMENT BY 1
    NO MINVALUE
    NO MAXVALUE
    CACHE 1
);


--
-- Name: aircraft_production_producedaircraft; Type: TABLE; Schema: public; Owner: postgres
--

CREATE TABLE public.aircraft_production_producedaircraft (
    id bigint NOT NULL,
    name character varying(100) NOT NULL,
    produced_at timestamp with time zone NOT NULL,
    quantity integer NOT NULL
);


ALTER TABLE public.aircraft_production_producedaircraft OWNER TO postgres;

--
-- Name: aircraft_production_producedaircraft_id_seq; Type: SEQUENCE; Schema: public; Owner: postgres
--

ALTER TABLE public.aircraft_production_producedaircraft ALTER COLUMN id ADD GENERATED BY DEFAULT AS IDENTITY (
    SEQUENCE NAME public.aircraft_production_producedaircraft_id_seq
    START WITH 1
    INCREMENT BY 1
    NO MINVALUE
    NO MAXVALUE
    CACHE 1
);


--
-- Name: aircraft_production_team; Type: TABLE; Schema: public; Owner: postgres
--

CREATE TABLE public.aircraft_production_team (
    id bigint NOT NULL,
    name character varying(50) NOT NULL
);


ALTER TABLE public.aircraft_production_team OWNER TO postgres;

--
-- Name: aircraft_production_team_id_seq; Type: SEQUENCE; Schema: public; Owner: postgres
--

ALTER TABLE public.aircraft_production_team ALTER COLUMN id ADD GENERATED BY DEFAULT AS IDENTITY (
    SEQUENCE NAME public.aircraft_production_team_id_seq
    START WITH 1
    INCREMENT BY 1
    NO MINVALUE
    NO MAXVALUE
    CACHE 1
);


--
-- Name: aircraft_production_teampartauthorization; Type: TABLE; Schema: public; Owner: postgres
--

CREATE TABLE public.aircraft_production_teampartauthorization (
    id bigint NOT NULL,
    part_id bigint NOT NULL,
    team_id bigint NOT NULL
);


ALTER TABLE public.aircraft_production_teampartauthorization OWNER TO postgres;

--
-- Name: aircraft_production_teampartauthorization_id_seq; Type: SEQUENCE; Schema: public; Owner: postgres
--

ALTER TABLE public.aircraft_production_teampartauthorization ALTER COLUMN id ADD GENERATED BY DEFAULT AS IDENTITY (
    SEQUENCE NAME public.aircraft_production_teampartauthorization_id_seq
    START WITH 1
    INCREMENT BY 1
    NO MINVALUE
    NO MAXVALUE
    CACHE 1
);


--
-- Name: aircraft_production_usedpart; Type: TABLE; Schema: public; Owner: postgres
--

CREATE TABLE public.aircraft_production_usedpart (
    id bigint NOT NULL,
    quantity integer NOT NULL,
    part_id bigint NOT NULL,
    produced_aircraft_id bigint NOT NULL,
    CONSTRAINT aircraft_production_usedpart_quantity_check CHECK ((quantity >= 0))
);


ALTER TABLE public.aircraft_production_usedpart OWNER TO postgres;

--
-- Name: aircraft_production_usedpart_id_seq; Type: SEQUENCE; Schema: public; Owner: postgres
--

ALTER TABLE public.aircraft_production_usedpart ALTER COLUMN id ADD GENERATED BY DEFAULT AS IDENTITY (
    SEQUENCE NAME public.aircraft_production_usedpart_id_seq
    START WITH 1
    INCREMENT BY 1
    NO MINVALUE
    NO MAXVALUE
    CACHE 1
);


--
-- Name: auth_group; Type: TABLE; Schema: public; Owner: postgres
--

CREATE TABLE public.auth_group (
    id integer NOT NULL,
    name character varying(150) NOT NULL
);


ALTER TABLE public.auth_group OWNER TO postgres;

--
-- Name: auth_group_id_seq; Type: SEQUENCE; Schema: public; Owner: postgres
--

ALTER TABLE public.auth_group ALTER COLUMN id ADD GENERATED BY DEFAULT AS IDENTITY (
    SEQUENCE NAME public.auth_group_id_seq
    START WITH 1
    INCREMENT BY 1
    NO MINVALUE
    NO MAXVALUE
    CACHE 1
);


--
-- Name: auth_group_permissions; Type: TABLE; Schema: public; Owner: postgres
--

CREATE TABLE public.auth_group_permissions (
    id bigint NOT NULL,
    group_id integer NOT NULL,
    permission_id integer NOT NULL
);


ALTER TABLE public.auth_group_permissions OWNER TO postgres;

--
-- Name: auth_group_permissions_id_seq; Type: SEQUENCE; Schema: public; Owner: postgres
--

ALTER TABLE public.auth_group_permissions ALTER COLUMN id ADD GENERATED BY DEFAULT AS IDENTITY (
    SEQUENCE NAME public.auth_group_permissions_id_seq
    START WITH 1
    INCREMENT BY 1
    NO MINVALUE
    NO MAXVALUE
    CACHE 1
);


--
-- Name: auth_permission; Type: TABLE; Schema: public; Owner: postgres
--

CREATE TABLE public.auth_permission (
    id integer NOT NULL,
    name character varying(255) NOT NULL,
    content_type_id integer NOT NULL,
    codename character varying(100) NOT NULL
);


ALTER TABLE public.auth_permission OWNER TO postgres;

--
-- Name: auth_permission_id_seq; Type: SEQUENCE; Schema: public; Owner: postgres
--

ALTER TABLE public.auth_permission ALTER COLUMN id ADD GENERATED BY DEFAULT AS IDENTITY (
    SEQUENCE NAME public.auth_permission_id_seq
    START WITH 1
    INCREMENT BY 1
    NO MINVALUE
    NO MAXVALUE
    CACHE 1
);


--
-- Name: auth_user; Type: TABLE; Schema: public; Owner: postgres
--

CREATE TABLE public.auth_user (
    id integer NOT NULL,
    password character varying(128) NOT NULL,
    last_login timestamp with time zone,
    is_superuser boolean NOT NULL,
    username character varying(150) NOT NULL,
    first_name character varying(150) NOT NULL,
    last_name character varying(150) NOT NULL,
    email character varying(254) NOT NULL,
    is_staff boolean NOT NULL,
    is_active boolean NOT NULL,
    date_joined timestamp with time zone NOT NULL
);


ALTER TABLE public.auth_user OWNER TO postgres;

--
-- Name: auth_user_groups; Type: TABLE; Schema: public; Owner: postgres
--

CREATE TABLE public.auth_user_groups (
    id bigint NOT NULL,
    user_id integer NOT NULL,
    group_id integer NOT NULL
);


ALTER TABLE public.auth_user_groups OWNER TO postgres;

--
-- Name: auth_user_groups_id_seq; Type: SEQUENCE; Schema: public; Owner: postgres
--

ALTER TABLE public.auth_user_groups ALTER COLUMN id ADD GENERATED BY DEFAULT AS IDENTITY (
    SEQUENCE NAME public.auth_user_groups_id_seq
    START WITH 1
    INCREMENT BY 1
    NO MINVALUE
    NO MAXVALUE
    CACHE 1
);


--
-- Name: auth_user_id_seq; Type: SEQUENCE; Schema: public; Owner: postgres
--

ALTER TABLE public.auth_user ALTER COLUMN id ADD GENERATED BY DEFAULT AS IDENTITY (
    SEQUENCE NAME public.auth_user_id_seq
    START WITH 1
    INCREMENT BY 1
    NO MINVALUE
    NO MAXVALUE
    CACHE 1
);


--
-- Name: auth_user_user_permissions; Type: TABLE; Schema: public; Owner: postgres
--

CREATE TABLE public.auth_user_user_permissions (
    id bigint NOT NULL,
    user_id integer NOT NULL,
    permission_id integer NOT NULL
);


ALTER TABLE public.auth_user_user_permissions OWNER TO postgres;

--
-- Name: auth_user_user_permissions_id_seq; Type: SEQUENCE; Schema: public; Owner: postgres
--

ALTER TABLE public.auth_user_user_permissions ALTER COLUMN id ADD GENERATED BY DEFAULT AS IDENTITY (
    SEQUENCE NAME public.auth_user_user_permissions_id_seq
    START WITH 1
    INCREMENT BY 1
    NO MINVALUE
    NO MAXVALUE
    CACHE 1
);


--
-- Name: django_admin_log; Type: TABLE; Schema: public; Owner: postgres
--

CREATE TABLE public.django_admin_log (
    id integer NOT NULL,
    action_time timestamp with time zone NOT NULL,
    object_id text,
    object_repr character varying(200) NOT NULL,
    action_flag smallint NOT NULL,
    change_message text NOT NULL,
    content_type_id integer,
    user_id integer NOT NULL,
    CONSTRAINT django_admin_log_action_flag_check CHECK ((action_flag >= 0))
);


ALTER TABLE public.django_admin_log OWNER TO postgres;

--
-- Name: django_admin_log_id_seq; Type: SEQUENCE; Schema: public; Owner: postgres
--

ALTER TABLE public.django_admin_log ALTER COLUMN id ADD GENERATED BY DEFAULT AS IDENTITY (
    SEQUENCE NAME public.django_admin_log_id_seq
    START WITH 1
    INCREMENT BY 1
    NO MINVALUE
    NO MAXVALUE
    CACHE 1
);


--
-- Name: django_content_type; Type: TABLE; Schema: public; Owner: postgres
--

CREATE TABLE public.django_content_type (
    id integer NOT NULL,
    app_label character varying(100) NOT NULL,
    model character varying(100) NOT NULL
);


ALTER TABLE public.django_content_type OWNER TO postgres;

--
-- Name: django_content_type_id_seq; Type: SEQUENCE; Schema: public; Owner: postgres
--

ALTER TABLE public.django_content_type ALTER COLUMN id ADD GENERATED BY DEFAULT AS IDENTITY (
    SEQUENCE NAME public.django_content_type_id_seq
    START WITH 1
    INCREMENT BY 1
    NO MINVALUE
    NO MAXVALUE
    CACHE 1
);


--
-- Name: django_migrations; Type: TABLE; Schema: public; Owner: postgres
--

CREATE TABLE public.django_migrations (
    id bigint NOT NULL,
    app character varying(255) NOT NULL,
    name character varying(255) NOT NULL,
    applied timestamp with time zone NOT NULL
);


ALTER TABLE public.django_migrations OWNER TO postgres;

--
-- Name: django_migrations_id_seq; Type: SEQUENCE; Schema: public; Owner: postgres
--

ALTER TABLE public.django_migrations ALTER COLUMN id ADD GENERATED BY DEFAULT AS IDENTITY (
    SEQUENCE NAME public.django_migrations_id_seq
    START WITH 1
    INCREMENT BY 1
    NO MINVALUE
    NO MAXVALUE
    CACHE 1
);


--
-- Name: django_session; Type: TABLE; Schema: public; Owner: postgres
--

CREATE TABLE public.django_session (
    session_key character varying(40) NOT NULL,
    session_data text NOT NULL,
    expire_date timestamp with time zone NOT NULL
);


ALTER TABLE public.django_session OWNER TO postgres;

--
-- Data for Name: aircraft_production_aircraft; Type: TABLE DATA; Schema: public; Owner: postgres
--

COPY public.aircraft_production_aircraft (id, name) FROM stdin;
1	TB2
2	TB3
3	AKINCI
4	KIZILELMA
\.


--
-- Data for Name: aircraft_production_aircraftpart; Type: TABLE DATA; Schema: public; Owner: postgres
--

COPY public.aircraft_production_aircraftpart (id, quantity, aircraft_id, part_id, deleted_at) FROM stdin;
16	1	4	1	\N
14	81	4	2	\N
12	98	2	2	\N
\.


--
-- Data for Name: aircraft_production_employee; Type: TABLE DATA; Schema: public; Owner: postgres
--

COPY public.aircraft_production_employee (id, user_id, team_id) FROM stdin;
1	2	1
2	3	3
3	4	5
4	5	4
5	6	2
6	7	3
7	8	2
8	9	1
9	10	1
\.


--
-- Data for Name: aircraft_production_part; Type: TABLE DATA; Schema: public; Owner: postgres
--

COPY public.aircraft_production_part (id, name, stock) FROM stdin;
2	Kanat	223
3	Gövde	5
4	Kuyruk	41
1	Aviyonik	28
\.


--
-- Data for Name: aircraft_production_producedaircraft; Type: TABLE DATA; Schema: public; Owner: postgres
--

COPY public.aircraft_production_producedaircraft (id, name, produced_at, quantity) FROM stdin;
15	TB3	2024-12-11 13:04:39.836879+03	1
16	TB2	2024-12-11 13:12:35.979917+03	1
17	TB2	2024-12-11 13:16:32.299892+03	1
18	TB2	2024-12-11 13:16:48.292376+03	1
19	TB2	2024-12-11 13:16:58.555035+03	1
\.


--
-- Data for Name: aircraft_production_team; Type: TABLE DATA; Schema: public; Owner: postgres
--

COPY public.aircraft_production_team (id, name) FROM stdin;
1	Aviyonik Takımı
2	Kanat Takımı
3	Gövde Takımı
4	Kuyruk Takımı
5	Montaj Takımı
\.


--
-- Data for Name: aircraft_production_teampartauthorization; Type: TABLE DATA; Schema: public; Owner: postgres
--

COPY public.aircraft_production_teampartauthorization (id, part_id, team_id) FROM stdin;
1	1	1
2	2	2
3	3	3
4	4	4
\.


--
-- Data for Name: aircraft_production_usedpart; Type: TABLE DATA; Schema: public; Owner: postgres
--

COPY public.aircraft_production_usedpart (id, quantity, part_id, produced_aircraft_id) FROM stdin;
17	2	2	15
18	1	3	15
19	1	4	15
20	1	1	15
21	2	2	16
22	1	3	16
23	1	4	16
24	1	1	16
25	2	2	17
26	1	3	17
27	1	4	17
28	1	1	17
29	2	2	18
30	1	3	18
31	1	4	18
32	1	1	18
33	2	2	19
34	1	3	19
35	1	4	19
36	1	1	19
\.


--
-- Data for Name: auth_group; Type: TABLE DATA; Schema: public; Owner: postgres
--

COPY public.auth_group (id, name) FROM stdin;
\.


--
-- Data for Name: auth_group_permissions; Type: TABLE DATA; Schema: public; Owner: postgres
--

COPY public.auth_group_permissions (id, group_id, permission_id) FROM stdin;
\.


--
-- Data for Name: auth_permission; Type: TABLE DATA; Schema: public; Owner: postgres
--

COPY public.auth_permission (id, name, content_type_id, codename) FROM stdin;
1	Can add log entry	1	add_logentry
2	Can change log entry	1	change_logentry
3	Can delete log entry	1	delete_logentry
4	Can view log entry	1	view_logentry
5	Can add permission	2	add_permission
6	Can change permission	2	change_permission
7	Can delete permission	2	delete_permission
8	Can view permission	2	view_permission
9	Can add group	3	add_group
10	Can change group	3	change_group
11	Can delete group	3	delete_group
12	Can view group	3	view_group
13	Can add user	4	add_user
14	Can change user	4	change_user
15	Can delete user	4	delete_user
16	Can view user	4	view_user
17	Can add content type	5	add_contenttype
18	Can change content type	5	change_contenttype
19	Can delete content type	5	delete_contenttype
20	Can view content type	5	view_contenttype
21	Can add session	6	add_session
22	Can change session	6	change_session
23	Can delete session	6	delete_session
24	Can view session	6	view_session
25	Can add part	7	add_part
26	Can change part	7	change_part
27	Can delete part	7	delete_part
28	Can view part	7	view_part
29	Can add aircraft	8	add_aircraft
30	Can change aircraft	8	change_aircraft
31	Can delete aircraft	8	delete_aircraft
32	Can view aircraft	8	view_aircraft
33	Can add team	9	add_team
34	Can change team	9	change_team
35	Can delete team	9	delete_team
36	Can view team	9	view_team
37	Can add personnel	10	add_personnel
38	Can change personnel	10	change_personnel
39	Can delete personnel	10	delete_personnel
40	Can view personnel	10	view_personnel
41	Can add employee	11	add_employee
42	Can change employee	11	change_employee
43	Can delete employee	11	delete_employee
44	Can view employee	11	view_employee
45	Can add team part authorization	12	add_teampartauthorization
46	Can change team part authorization	12	change_teampartauthorization
47	Can delete team part authorization	12	delete_teampartauthorization
48	Can view team part authorization	12	view_teampartauthorization
49	Can add aircraft part	13	add_aircraftpart
50	Can change aircraft part	13	change_aircraftpart
51	Can delete aircraft part	13	delete_aircraftpart
52	Can view aircraft part	13	view_aircraftpart
53	Can add produced aircraft	14	add_producedaircraft
54	Can change produced aircraft	14	change_producedaircraft
55	Can delete produced aircraft	14	delete_producedaircraft
56	Can view produced aircraft	14	view_producedaircraft
57	Can add used part	15	add_usedpart
58	Can change used part	15	change_usedpart
59	Can delete used part	15	delete_usedpart
60	Can view used part	15	view_usedpart
\.


--
-- Data for Name: auth_user; Type: TABLE DATA; Schema: public; Owner: postgres
--

COPY public.auth_user (id, password, last_login, is_superuser, username, first_name, last_name, email, is_staff, is_active, date_joined) FROM stdin;
1	pbkdf2_sha256$870000$TLeR8MXjL4ViVzJHdIuZGA$s9LhMdEszrxOJoHYEKtQL9cZgFAeBG3JZfvwv6p2nVM=	2024-12-10 22:32:22.654972+03	f	hakan			hakansan@gmail.com	f	t	2024-12-10 22:32:22.390825+03
3	pbkdf2_sha256$870000$lbfrBmaZHiWb2CoetAv0kh$TLRezf9BYdZGFFfySoBmRjmDucZ1phiJPxyXR8e4kak=	2024-12-10 23:12:13.659074+03	f	hak123			h@g.com	f	t	2024-12-10 23:12:13.408689+03
9	pbkdf2_sha256$870000$JFJ1V6gNEbmEGmu2LTcfM8$NZwsxezb8WFIVqYqQW+ojYbP8zjoVZl5vtiJgSnABWs=	2024-12-11 12:14:25.543694+03	f	aviyon2			aviyon2@gmail.com	f	t	2024-12-11 12:09:36.930411+03
7	pbkdf2_sha256$870000$sYuE4O8VAYEgmZwSvIhDCT$pum7hhG/JEUm29WZ+J7e0YC0twXibcLdUliI+PSWBHI=	2024-12-11 10:44:07.526062+03	f	gövde			govde@gmail.com	f	t	2024-12-11 10:44:07.28485+03
8	pbkdf2_sha256$870000$nFzwR13trzqbFAziUuWIbo$B8vRC03zPv+oN8iZWdT8wRFXMA8Iec5hbrzDsCKbWTY=	2024-12-11 12:52:00.145236+03	f	kanat2			kanat2@gmail.com	f	t	2024-12-11 12:07:11.537508+03
10	pbkdf2_sha256$870000$KiP3d8S1bc4p7cWh1LbEzt$HqXXjYN9R75xuPcrm+qEiTQWEM6eivvA39Qkuar/3ec=	2024-12-11 13:02:50.57344+03	f	aviyonik_insan	aviyon	insan	aviyonik@gmail.com	f	t	2024-12-11 13:02:50.307003+03
5	pbkdf2_sha256$870000$Qjt7KcT093oOejhtrAmnvt$G9TUJrwidF0oNLrxxys66lMcTnEfdJWyT3nsTyJzENg=	2024-12-11 11:02:01.04863+03	f	kuyruk			kuyruk@gmail.com	f	t	2024-12-11 10:34:19.032268+03
4	pbkdf2_sha256$870000$DyRqFa3NzmAhim7l6ODlpN$73WAD8KalkNlcDkov7IZdaBz1tJbGwRcD5NBaePrzac=	2024-12-11 13:16:08.062836+03	f	montaj			a@gjail.com	f	t	2024-12-11 00:22:16.415883+03
2	pbkdf2_sha256$870000$h7eKklCUPCDyuZIuqKIfjd$SGT2pWNAO3cKB6nTa6YWr8W+HBhaeqsuuoqS4LurRAQ=	2024-12-11 14:45:48.720579+03	f	mahmutsalman			mahmutsalman@hmal.com	f	t	2024-12-10 22:35:11.388288+03
6	pbkdf2_sha256$870000$88DKrjLqygHliv2EWnAoJ8$MSpJJZXS/DZ7zmlFZ7ka2RBlU0D4slVKEZEABCyKcKg=	2024-12-11 19:11:12.92674+03	f	kanat			kanat@gmail.com	f	t	2024-12-11 10:42:35.986743+03
\.


--
-- Data for Name: auth_user_groups; Type: TABLE DATA; Schema: public; Owner: postgres
--

COPY public.auth_user_groups (id, user_id, group_id) FROM stdin;
\.


--
-- Data for Name: auth_user_user_permissions; Type: TABLE DATA; Schema: public; Owner: postgres
--

COPY public.auth_user_user_permissions (id, user_id, permission_id) FROM stdin;
\.


--
-- Data for Name: django_admin_log; Type: TABLE DATA; Schema: public; Owner: postgres
--

COPY public.django_admin_log (id, action_time, object_id, object_repr, action_flag, change_message, content_type_id, user_id) FROM stdin;
\.


--
-- Data for Name: django_content_type; Type: TABLE DATA; Schema: public; Owner: postgres
--

COPY public.django_content_type (id, app_label, model) FROM stdin;
1	admin	logentry
2	auth	permission
3	auth	group
4	auth	user
5	contenttypes	contenttype
6	sessions	session
7	aircraft_production	part
8	aircraft_production	aircraft
9	aircraft_production	team
10	aircraft_production	personnel
11	aircraft_production	employee
12	aircraft_production	teampartauthorization
13	aircraft_production	aircraftpart
14	aircraft_production	producedaircraft
15	aircraft_production	usedpart
\.


--
-- Data for Name: django_migrations; Type: TABLE DATA; Schema: public; Owner: postgres
--

COPY public.django_migrations (id, app, name, applied) FROM stdin;
1	contenttypes	0001_initial	2024-12-10 22:11:36.097325+03
2	auth	0001_initial	2024-12-10 22:11:36.120393+03
3	admin	0001_initial	2024-12-10 22:11:36.125887+03
4	admin	0002_logentry_remove_auto_add	2024-12-10 22:11:36.127562+03
5	admin	0003_logentry_add_action_flag_choices	2024-12-10 22:11:36.12939+03
6	contenttypes	0002_remove_content_type_name	2024-12-10 22:11:36.133927+03
7	auth	0002_alter_permission_name_max_length	2024-12-10 22:11:36.135953+03
8	auth	0003_alter_user_email_max_length	2024-12-10 22:11:36.137897+03
9	auth	0004_alter_user_username_opts	2024-12-10 22:11:36.139408+03
10	auth	0005_alter_user_last_login_null	2024-12-10 22:11:36.141301+03
11	auth	0006_require_contenttypes_0002	2024-12-10 22:11:36.14161+03
12	auth	0007_alter_validators_add_error_messages	2024-12-10 22:11:36.143158+03
13	auth	0008_alter_user_username_max_length	2024-12-10 22:11:36.146617+03
14	auth	0009_alter_user_last_name_max_length	2024-12-10 22:11:36.148526+03
15	auth	0010_alter_group_name_max_length	2024-12-10 22:11:36.151058+03
16	auth	0011_update_proxy_permissions	2024-12-10 22:11:36.153027+03
17	auth	0012_alter_user_first_name_max_length	2024-12-10 22:11:36.154769+03
18	sessions	0001_initial	2024-12-10 22:11:36.157836+03
19	aircraft_production	0001_initial	2024-12-10 22:15:03.949546+03
20	aircraft_production	0002_part_team_remove_aircraft_manufacturer_and_more	2024-12-10 22:25:19.022483+03
21	aircraft_production	0003_remove_aircraft_assembly_completed_and_more	2024-12-10 23:16:11.956585+03
22	aircraft_production	0004_aircraftpart_deleted_at	2024-12-11 00:06:28.4067+03
23	aircraft_production	0005_producedaircraft	2024-12-11 00:34:53.888098+03
24	aircraft_production	0006_usedpart	2024-12-11 11:40:59.973607+03
25	aircraft_production	0007_alter_aircraftpart_quantity	2024-12-11 13:36:26.837818+03
\.


--
-- Data for Name: django_session; Type: TABLE DATA; Schema: public; Owner: postgres
--

COPY public.django_session (session_key, session_data, expire_date) FROM stdin;
vumgihrm9wch6f5tdivs50sd6zgio5c1	.eJxVjEEOwiAQRe_C2pDi0KG4dN8zEIYZpGpoUtqV8e7apAvd_vfef6kQt7WErckSJlYXher0u1FMD6k74Hust1mnua7LRHpX9EGbHmeW5_Vw_w5KbOVbd9kK-cGJYB-zx96wc4QZED0y2Og5GQEBNmCdcZiRDHUpnQUG8qDeH-yNN-8:1tLPIu:xjOhlvpgppt7rBKU4vukPWfT_ZaeeSh7-5a5CVwJVic	2024-12-25 19:11:12.928584+03
\.


--
-- Name: aircraft_production_aircraft_id_seq; Type: SEQUENCE SET; Schema: public; Owner: postgres
--

SELECT pg_catalog.setval('public.aircraft_production_aircraft_id_seq', 1, false);


--
-- Name: aircraft_production_aircraftpart_id_seq; Type: SEQUENCE SET; Schema: public; Owner: postgres
--

SELECT pg_catalog.setval('public.aircraft_production_aircraftpart_id_seq', 16, true);


--
-- Name: aircraft_production_employee_id_seq; Type: SEQUENCE SET; Schema: public; Owner: postgres
--

SELECT pg_catalog.setval('public.aircraft_production_employee_id_seq', 9, true);


--
-- Name: aircraft_production_part_id_seq; Type: SEQUENCE SET; Schema: public; Owner: postgres
--

SELECT pg_catalog.setval('public.aircraft_production_part_id_seq', 1, false);


--
-- Name: aircraft_production_producedaircraft_id_seq; Type: SEQUENCE SET; Schema: public; Owner: postgres
--

SELECT pg_catalog.setval('public.aircraft_production_producedaircraft_id_seq', 19, true);


--
-- Name: aircraft_production_team_id_seq; Type: SEQUENCE SET; Schema: public; Owner: postgres
--

SELECT pg_catalog.setval('public.aircraft_production_team_id_seq', 1, false);


--
-- Name: aircraft_production_teampartauthorization_id_seq; Type: SEQUENCE SET; Schema: public; Owner: postgres
--

SELECT pg_catalog.setval('public.aircraft_production_teampartauthorization_id_seq', 1, false);


--
-- Name: aircraft_production_usedpart_id_seq; Type: SEQUENCE SET; Schema: public; Owner: postgres
--

SELECT pg_catalog.setval('public.aircraft_production_usedpart_id_seq', 36, true);


--
-- Name: auth_group_id_seq; Type: SEQUENCE SET; Schema: public; Owner: postgres
--

SELECT pg_catalog.setval('public.auth_group_id_seq', 1, false);


--
-- Name: auth_group_permissions_id_seq; Type: SEQUENCE SET; Schema: public; Owner: postgres
--

SELECT pg_catalog.setval('public.auth_group_permissions_id_seq', 1, false);


--
-- Name: auth_permission_id_seq; Type: SEQUENCE SET; Schema: public; Owner: postgres
--

SELECT pg_catalog.setval('public.auth_permission_id_seq', 60, true);


--
-- Name: auth_user_groups_id_seq; Type: SEQUENCE SET; Schema: public; Owner: postgres
--

SELECT pg_catalog.setval('public.auth_user_groups_id_seq', 1, false);


--
-- Name: auth_user_id_seq; Type: SEQUENCE SET; Schema: public; Owner: postgres
--

SELECT pg_catalog.setval('public.auth_user_id_seq', 10, true);


--
-- Name: auth_user_user_permissions_id_seq; Type: SEQUENCE SET; Schema: public; Owner: postgres
--

SELECT pg_catalog.setval('public.auth_user_user_permissions_id_seq', 1, false);


--
-- Name: django_admin_log_id_seq; Type: SEQUENCE SET; Schema: public; Owner: postgres
--

SELECT pg_catalog.setval('public.django_admin_log_id_seq', 1, false);


--
-- Name: django_content_type_id_seq; Type: SEQUENCE SET; Schema: public; Owner: postgres
--

SELECT pg_catalog.setval('public.django_content_type_id_seq', 15, true);


--
-- Name: django_migrations_id_seq; Type: SEQUENCE SET; Schema: public; Owner: postgres
--

SELECT pg_catalog.setval('public.django_migrations_id_seq', 25, true);


--
-- Name: aircraft_production_aircraftpart aircraft_production_airc_aircraft_id_part_id_6f955e4a_uniq; Type: CONSTRAINT; Schema: public; Owner: postgres
--

ALTER TABLE ONLY public.aircraft_production_aircraftpart
    ADD CONSTRAINT aircraft_production_airc_aircraft_id_part_id_6f955e4a_uniq UNIQUE (aircraft_id, part_id);


--
-- Name: aircraft_production_aircraft aircraft_production_aircraft_pkey; Type: CONSTRAINT; Schema: public; Owner: postgres
--

ALTER TABLE ONLY public.aircraft_production_aircraft
    ADD CONSTRAINT aircraft_production_aircraft_pkey PRIMARY KEY (id);


--
-- Name: aircraft_production_aircraftpart aircraft_production_aircraftpart_pkey; Type: CONSTRAINT; Schema: public; Owner: postgres
--

ALTER TABLE ONLY public.aircraft_production_aircraftpart
    ADD CONSTRAINT aircraft_production_aircraftpart_pkey PRIMARY KEY (id);


--
-- Name: aircraft_production_employee aircraft_production_employee_pkey; Type: CONSTRAINT; Schema: public; Owner: postgres
--

ALTER TABLE ONLY public.aircraft_production_employee
    ADD CONSTRAINT aircraft_production_employee_pkey PRIMARY KEY (id);


--
-- Name: aircraft_production_employee aircraft_production_employee_user_id_key; Type: CONSTRAINT; Schema: public; Owner: postgres
--

ALTER TABLE ONLY public.aircraft_production_employee
    ADD CONSTRAINT aircraft_production_employee_user_id_key UNIQUE (user_id);


--
-- Name: aircraft_production_part aircraft_production_part_pkey; Type: CONSTRAINT; Schema: public; Owner: postgres
--

ALTER TABLE ONLY public.aircraft_production_part
    ADD CONSTRAINT aircraft_production_part_pkey PRIMARY KEY (id);


--
-- Name: aircraft_production_producedaircraft aircraft_production_producedaircraft_pkey; Type: CONSTRAINT; Schema: public; Owner: postgres
--

ALTER TABLE ONLY public.aircraft_production_producedaircraft
    ADD CONSTRAINT aircraft_production_producedaircraft_pkey PRIMARY KEY (id);


--
-- Name: aircraft_production_team aircraft_production_team_pkey; Type: CONSTRAINT; Schema: public; Owner: postgres
--

ALTER TABLE ONLY public.aircraft_production_team
    ADD CONSTRAINT aircraft_production_team_pkey PRIMARY KEY (id);


--
-- Name: aircraft_production_teampartauthorization aircraft_production_teampartauthorization_pkey; Type: CONSTRAINT; Schema: public; Owner: postgres
--

ALTER TABLE ONLY public.aircraft_production_teampartauthorization
    ADD CONSTRAINT aircraft_production_teampartauthorization_pkey PRIMARY KEY (id);


--
-- Name: aircraft_production_usedpart aircraft_production_usedpart_pkey; Type: CONSTRAINT; Schema: public; Owner: postgres
--

ALTER TABLE ONLY public.aircraft_production_usedpart
    ADD CONSTRAINT aircraft_production_usedpart_pkey PRIMARY KEY (id);


--
-- Name: auth_group auth_group_name_key; Type: CONSTRAINT; Schema: public; Owner: postgres
--

ALTER TABLE ONLY public.auth_group
    ADD CONSTRAINT auth_group_name_key UNIQUE (name);


--
-- Name: auth_group_permissions auth_group_permissions_group_id_permission_id_0cd325b0_uniq; Type: CONSTRAINT; Schema: public; Owner: postgres
--

ALTER TABLE ONLY public.auth_group_permissions
    ADD CONSTRAINT auth_group_permissions_group_id_permission_id_0cd325b0_uniq UNIQUE (group_id, permission_id);


--
-- Name: auth_group_permissions auth_group_permissions_pkey; Type: CONSTRAINT; Schema: public; Owner: postgres
--

ALTER TABLE ONLY public.auth_group_permissions
    ADD CONSTRAINT auth_group_permissions_pkey PRIMARY KEY (id);


--
-- Name: auth_group auth_group_pkey; Type: CONSTRAINT; Schema: public; Owner: postgres
--

ALTER TABLE ONLY public.auth_group
    ADD CONSTRAINT auth_group_pkey PRIMARY KEY (id);


--
-- Name: auth_permission auth_permission_content_type_id_codename_01ab375a_uniq; Type: CONSTRAINT; Schema: public; Owner: postgres
--

ALTER TABLE ONLY public.auth_permission
    ADD CONSTRAINT auth_permission_content_type_id_codename_01ab375a_uniq UNIQUE (content_type_id, codename);


--
-- Name: auth_permission auth_permission_pkey; Type: CONSTRAINT; Schema: public; Owner: postgres
--

ALTER TABLE ONLY public.auth_permission
    ADD CONSTRAINT auth_permission_pkey PRIMARY KEY (id);


--
-- Name: auth_user_groups auth_user_groups_pkey; Type: CONSTRAINT; Schema: public; Owner: postgres
--

ALTER TABLE ONLY public.auth_user_groups
    ADD CONSTRAINT auth_user_groups_pkey PRIMARY KEY (id);


--
-- Name: auth_user_groups auth_user_groups_user_id_group_id_94350c0c_uniq; Type: CONSTRAINT; Schema: public; Owner: postgres
--

ALTER TABLE ONLY public.auth_user_groups
    ADD CONSTRAINT auth_user_groups_user_id_group_id_94350c0c_uniq UNIQUE (user_id, group_id);


--
-- Name: auth_user auth_user_pkey; Type: CONSTRAINT; Schema: public; Owner: postgres
--

ALTER TABLE ONLY public.auth_user
    ADD CONSTRAINT auth_user_pkey PRIMARY KEY (id);


--
-- Name: auth_user_user_permissions auth_user_user_permissions_pkey; Type: CONSTRAINT; Schema: public; Owner: postgres
--

ALTER TABLE ONLY public.auth_user_user_permissions
    ADD CONSTRAINT auth_user_user_permissions_pkey PRIMARY KEY (id);


--
-- Name: auth_user_user_permissions auth_user_user_permissions_user_id_permission_id_14a6b632_uniq; Type: CONSTRAINT; Schema: public; Owner: postgres
--

ALTER TABLE ONLY public.auth_user_user_permissions
    ADD CONSTRAINT auth_user_user_permissions_user_id_permission_id_14a6b632_uniq UNIQUE (user_id, permission_id);


--
-- Name: auth_user auth_user_username_key; Type: CONSTRAINT; Schema: public; Owner: postgres
--

ALTER TABLE ONLY public.auth_user
    ADD CONSTRAINT auth_user_username_key UNIQUE (username);


--
-- Name: django_admin_log django_admin_log_pkey; Type: CONSTRAINT; Schema: public; Owner: postgres
--

ALTER TABLE ONLY public.django_admin_log
    ADD CONSTRAINT django_admin_log_pkey PRIMARY KEY (id);


--
-- Name: django_content_type django_content_type_app_label_model_76bd3d3b_uniq; Type: CONSTRAINT; Schema: public; Owner: postgres
--

ALTER TABLE ONLY public.django_content_type
    ADD CONSTRAINT django_content_type_app_label_model_76bd3d3b_uniq UNIQUE (app_label, model);


--
-- Name: django_content_type django_content_type_pkey; Type: CONSTRAINT; Schema: public; Owner: postgres
--

ALTER TABLE ONLY public.django_content_type
    ADD CONSTRAINT django_content_type_pkey PRIMARY KEY (id);


--
-- Name: django_migrations django_migrations_pkey; Type: CONSTRAINT; Schema: public; Owner: postgres
--

ALTER TABLE ONLY public.django_migrations
    ADD CONSTRAINT django_migrations_pkey PRIMARY KEY (id);


--
-- Name: django_session django_session_pkey; Type: CONSTRAINT; Schema: public; Owner: postgres
--

ALTER TABLE ONLY public.django_session
    ADD CONSTRAINT django_session_pkey PRIMARY KEY (session_key);


--
-- Name: aircraft_production_aircraftpart_aircraft_id_542c344f; Type: INDEX; Schema: public; Owner: postgres
--

CREATE INDEX aircraft_production_aircraftpart_aircraft_id_542c344f ON public.aircraft_production_aircraftpart USING btree (aircraft_id);


--
-- Name: aircraft_production_aircraftpart_part_id_eead6b30; Type: INDEX; Schema: public; Owner: postgres
--

CREATE INDEX aircraft_production_aircraftpart_part_id_eead6b30 ON public.aircraft_production_aircraftpart USING btree (part_id);


--
-- Name: aircraft_production_employee_team_id_1d399532; Type: INDEX; Schema: public; Owner: postgres
--

CREATE INDEX aircraft_production_employee_team_id_1d399532 ON public.aircraft_production_employee USING btree (team_id);


--
-- Name: aircraft_production_teampartauthorization_part_id_70e8cd48; Type: INDEX; Schema: public; Owner: postgres
--

CREATE INDEX aircraft_production_teampartauthorization_part_id_70e8cd48 ON public.aircraft_production_teampartauthorization USING btree (part_id);


--
-- Name: aircraft_production_teampartauthorization_team_id_6493c4f8; Type: INDEX; Schema: public; Owner: postgres
--

CREATE INDEX aircraft_production_teampartauthorization_team_id_6493c4f8 ON public.aircraft_production_teampartauthorization USING btree (team_id);


--
-- Name: aircraft_production_usedpart_part_id_ec765999; Type: INDEX; Schema: public; Owner: postgres
--

CREATE INDEX aircraft_production_usedpart_part_id_ec765999 ON public.aircraft_production_usedpart USING btree (part_id);


--
-- Name: aircraft_production_usedpart_produced_aircraft_id_7b1ccc79; Type: INDEX; Schema: public; Owner: postgres
--

CREATE INDEX aircraft_production_usedpart_produced_aircraft_id_7b1ccc79 ON public.aircraft_production_usedpart USING btree (produced_aircraft_id);


--
-- Name: auth_group_name_a6ea08ec_like; Type: INDEX; Schema: public; Owner: postgres
--

CREATE INDEX auth_group_name_a6ea08ec_like ON public.auth_group USING btree (name varchar_pattern_ops);


--
-- Name: auth_group_permissions_group_id_b120cbf9; Type: INDEX; Schema: public; Owner: postgres
--

CREATE INDEX auth_group_permissions_group_id_b120cbf9 ON public.auth_group_permissions USING btree (group_id);


--
-- Name: auth_group_permissions_permission_id_84c5c92e; Type: INDEX; Schema: public; Owner: postgres
--

CREATE INDEX auth_group_permissions_permission_id_84c5c92e ON public.auth_group_permissions USING btree (permission_id);


--
-- Name: auth_permission_content_type_id_2f476e4b; Type: INDEX; Schema: public; Owner: postgres
--

CREATE INDEX auth_permission_content_type_id_2f476e4b ON public.auth_permission USING btree (content_type_id);


--
-- Name: auth_user_groups_group_id_97559544; Type: INDEX; Schema: public; Owner: postgres
--

CREATE INDEX auth_user_groups_group_id_97559544 ON public.auth_user_groups USING btree (group_id);


--
-- Name: auth_user_groups_user_id_6a12ed8b; Type: INDEX; Schema: public; Owner: postgres
--

CREATE INDEX auth_user_groups_user_id_6a12ed8b ON public.auth_user_groups USING btree (user_id);


--
-- Name: auth_user_user_permissions_permission_id_1fbb5f2c; Type: INDEX; Schema: public; Owner: postgres
--

CREATE INDEX auth_user_user_permissions_permission_id_1fbb5f2c ON public.auth_user_user_permissions USING btree (permission_id);


--
-- Name: auth_user_user_permissions_user_id_a95ead1b; Type: INDEX; Schema: public; Owner: postgres
--

CREATE INDEX auth_user_user_permissions_user_id_a95ead1b ON public.auth_user_user_permissions USING btree (user_id);


--
-- Name: auth_user_username_6821ab7c_like; Type: INDEX; Schema: public; Owner: postgres
--

CREATE INDEX auth_user_username_6821ab7c_like ON public.auth_user USING btree (username varchar_pattern_ops);


--
-- Name: django_admin_log_content_type_id_c4bce8eb; Type: INDEX; Schema: public; Owner: postgres
--

CREATE INDEX django_admin_log_content_type_id_c4bce8eb ON public.django_admin_log USING btree (content_type_id);


--
-- Name: django_admin_log_user_id_c564eba6; Type: INDEX; Schema: public; Owner: postgres
--

CREATE INDEX django_admin_log_user_id_c564eba6 ON public.django_admin_log USING btree (user_id);


--
-- Name: django_session_expire_date_a5c62663; Type: INDEX; Schema: public; Owner: postgres
--

CREATE INDEX django_session_expire_date_a5c62663 ON public.django_session USING btree (expire_date);


--
-- Name: django_session_session_key_c0390e0f_like; Type: INDEX; Schema: public; Owner: postgres
--

CREATE INDEX django_session_session_key_c0390e0f_like ON public.django_session USING btree (session_key varchar_pattern_ops);


--
-- Name: aircraft_production_aircraftpart aircraft_production__aircraft_id_542c344f_fk_aircraft_; Type: FK CONSTRAINT; Schema: public; Owner: postgres
--

ALTER TABLE ONLY public.aircraft_production_aircraftpart
    ADD CONSTRAINT aircraft_production__aircraft_id_542c344f_fk_aircraft_ FOREIGN KEY (aircraft_id) REFERENCES public.aircraft_production_aircraft(id) DEFERRABLE INITIALLY DEFERRED;


--
-- Name: aircraft_production_teampartauthorization aircraft_production__part_id_70e8cd48_fk_aircraft_; Type: FK CONSTRAINT; Schema: public; Owner: postgres
--

ALTER TABLE ONLY public.aircraft_production_teampartauthorization
    ADD CONSTRAINT aircraft_production__part_id_70e8cd48_fk_aircraft_ FOREIGN KEY (part_id) REFERENCES public.aircraft_production_part(id) DEFERRABLE INITIALLY DEFERRED;


--
-- Name: aircraft_production_usedpart aircraft_production__part_id_ec765999_fk_aircraft_; Type: FK CONSTRAINT; Schema: public; Owner: postgres
--

ALTER TABLE ONLY public.aircraft_production_usedpart
    ADD CONSTRAINT aircraft_production__part_id_ec765999_fk_aircraft_ FOREIGN KEY (part_id) REFERENCES public.aircraft_production_part(id) DEFERRABLE INITIALLY DEFERRED;


--
-- Name: aircraft_production_aircraftpart aircraft_production__part_id_eead6b30_fk_aircraft_; Type: FK CONSTRAINT; Schema: public; Owner: postgres
--

ALTER TABLE ONLY public.aircraft_production_aircraftpart
    ADD CONSTRAINT aircraft_production__part_id_eead6b30_fk_aircraft_ FOREIGN KEY (part_id) REFERENCES public.aircraft_production_part(id) DEFERRABLE INITIALLY DEFERRED;


--
-- Name: aircraft_production_usedpart aircraft_production__produced_aircraft_id_7b1ccc79_fk_aircraft_; Type: FK CONSTRAINT; Schema: public; Owner: postgres
--

ALTER TABLE ONLY public.aircraft_production_usedpart
    ADD CONSTRAINT aircraft_production__produced_aircraft_id_7b1ccc79_fk_aircraft_ FOREIGN KEY (produced_aircraft_id) REFERENCES public.aircraft_production_producedaircraft(id) DEFERRABLE INITIALLY DEFERRED;


--
-- Name: aircraft_production_employee aircraft_production__team_id_1d399532_fk_aircraft_; Type: FK CONSTRAINT; Schema: public; Owner: postgres
--

ALTER TABLE ONLY public.aircraft_production_employee
    ADD CONSTRAINT aircraft_production__team_id_1d399532_fk_aircraft_ FOREIGN KEY (team_id) REFERENCES public.aircraft_production_team(id) DEFERRABLE INITIALLY DEFERRED;


--
-- Name: aircraft_production_teampartauthorization aircraft_production__team_id_6493c4f8_fk_aircraft_; Type: FK CONSTRAINT; Schema: public; Owner: postgres
--

ALTER TABLE ONLY public.aircraft_production_teampartauthorization
    ADD CONSTRAINT aircraft_production__team_id_6493c4f8_fk_aircraft_ FOREIGN KEY (team_id) REFERENCES public.aircraft_production_team(id) DEFERRABLE INITIALLY DEFERRED;


--
-- Name: aircraft_production_employee aircraft_production_employee_user_id_27de6c48_fk_auth_user_id; Type: FK CONSTRAINT; Schema: public; Owner: postgres
--

ALTER TABLE ONLY public.aircraft_production_employee
    ADD CONSTRAINT aircraft_production_employee_user_id_27de6c48_fk_auth_user_id FOREIGN KEY (user_id) REFERENCES public.auth_user(id) DEFERRABLE INITIALLY DEFERRED;


--
-- Name: auth_group_permissions auth_group_permissio_permission_id_84c5c92e_fk_auth_perm; Type: FK CONSTRAINT; Schema: public; Owner: postgres
--

ALTER TABLE ONLY public.auth_group_permissions
    ADD CONSTRAINT auth_group_permissio_permission_id_84c5c92e_fk_auth_perm FOREIGN KEY (permission_id) REFERENCES public.auth_permission(id) DEFERRABLE INITIALLY DEFERRED;


--
-- Name: auth_group_permissions auth_group_permissions_group_id_b120cbf9_fk_auth_group_id; Type: FK CONSTRAINT; Schema: public; Owner: postgres
--

ALTER TABLE ONLY public.auth_group_permissions
    ADD CONSTRAINT auth_group_permissions_group_id_b120cbf9_fk_auth_group_id FOREIGN KEY (group_id) REFERENCES public.auth_group(id) DEFERRABLE INITIALLY DEFERRED;


--
-- Name: auth_permission auth_permission_content_type_id_2f476e4b_fk_django_co; Type: FK CONSTRAINT; Schema: public; Owner: postgres
--

ALTER TABLE ONLY public.auth_permission
    ADD CONSTRAINT auth_permission_content_type_id_2f476e4b_fk_django_co FOREIGN KEY (content_type_id) REFERENCES public.django_content_type(id) DEFERRABLE INITIALLY DEFERRED;


--
-- Name: auth_user_groups auth_user_groups_group_id_97559544_fk_auth_group_id; Type: FK CONSTRAINT; Schema: public; Owner: postgres
--

ALTER TABLE ONLY public.auth_user_groups
    ADD CONSTRAINT auth_user_groups_group_id_97559544_fk_auth_group_id FOREIGN KEY (group_id) REFERENCES public.auth_group(id) DEFERRABLE INITIALLY DEFERRED;


--
-- Name: auth_user_groups auth_user_groups_user_id_6a12ed8b_fk_auth_user_id; Type: FK CONSTRAINT; Schema: public; Owner: postgres
--

ALTER TABLE ONLY public.auth_user_groups
    ADD CONSTRAINT auth_user_groups_user_id_6a12ed8b_fk_auth_user_id FOREIGN KEY (user_id) REFERENCES public.auth_user(id) DEFERRABLE INITIALLY DEFERRED;


--
-- Name: auth_user_user_permissions auth_user_user_permi_permission_id_1fbb5f2c_fk_auth_perm; Type: FK CONSTRAINT; Schema: public; Owner: postgres
--

ALTER TABLE ONLY public.auth_user_user_permissions
    ADD CONSTRAINT auth_user_user_permi_permission_id_1fbb5f2c_fk_auth_perm FOREIGN KEY (permission_id) REFERENCES public.auth_permission(id) DEFERRABLE INITIALLY DEFERRED;


--
-- Name: auth_user_user_permissions auth_user_user_permissions_user_id_a95ead1b_fk_auth_user_id; Type: FK CONSTRAINT; Schema: public; Owner: postgres
--

ALTER TABLE ONLY public.auth_user_user_permissions
    ADD CONSTRAINT auth_user_user_permissions_user_id_a95ead1b_fk_auth_user_id FOREIGN KEY (user_id) REFERENCES public.auth_user(id) DEFERRABLE INITIALLY DEFERRED;


--
-- Name: django_admin_log django_admin_log_content_type_id_c4bce8eb_fk_django_co; Type: FK CONSTRAINT; Schema: public; Owner: postgres
--

ALTER TABLE ONLY public.django_admin_log
    ADD CONSTRAINT django_admin_log_content_type_id_c4bce8eb_fk_django_co FOREIGN KEY (content_type_id) REFERENCES public.django_content_type(id) DEFERRABLE INITIALLY DEFERRED;


--
-- Name: django_admin_log django_admin_log_user_id_c564eba6_fk_auth_user_id; Type: FK CONSTRAINT; Schema: public; Owner: postgres
--

ALTER TABLE ONLY public.django_admin_log
    ADD CONSTRAINT django_admin_log_user_id_c564eba6_fk_auth_user_id FOREIGN KEY (user_id) REFERENCES public.auth_user(id) DEFERRABLE INITIALLY DEFERRED;


--
-- PostgreSQL database dump complete
--

